{
	"partitions" : [
		{
			"name" : "Top",
			"pins" : [
				{
					"name" : "BU_PC[15]",
					"strict" : false
				},
				{
					"name" : "BU_PC[14]",
					"strict" : false
				},
				{
					"name" : "BU_PC[13]",
					"strict" : false
				},
				{
					"name" : "BU_PC[12]",
					"strict" : false
				},
				{
					"name" : "BU_PC[11]",
					"strict" : false
				},
				{
					"name" : "BU_PC[10]",
					"strict" : false
				},
				{
					"name" : "BU_PC[9]",
					"strict" : false
				},
				{
					"name" : "BU_PC[8]",
					"strict" : false
				},
				{
					"name" : "BU_PC[7]",
					"strict" : false
				},
				{
					"name" : "BU_PC[6]",
					"strict" : false
				},
				{
					"name" : "BU_PC[5]",
					"strict" : false
				},
				{
					"name" : "BU_PC[4]",
					"strict" : false
				},
				{
					"name" : "BU_PC[3]",
					"strict" : false
				},
				{
					"name" : "BU_PC[2]",
					"strict" : false
				},
				{
					"name" : "BU_PC[1]",
					"strict" : false
				},
				{
					"name" : "BU_PC[0]",
					"strict" : false
				},
				{
					"name" : "idexpc[15]",
					"strict" : false
				},
				{
					"name" : "idexpc[14]",
					"strict" : false
				},
				{
					"name" : "idexpc[13]",
					"strict" : false
				},
				{
					"name" : "idexpc[12]",
					"strict" : false
				},
				{
					"name" : "idexpc[11]",
					"strict" : false
				},
				{
					"name" : "idexpc[10]",
					"strict" : false
				},
				{
					"name" : "idexpc[9]",
					"strict" : false
				},
				{
					"name" : "idexpc[8]",
					"strict" : false
				},
				{
					"name" : "idexpc[7]",
					"strict" : false
				},
				{
					"name" : "idexpc[6]",
					"strict" : false
				},
				{
					"name" : "idexpc[5]",
					"strict" : false
				},
				{
					"name" : "idexpc[4]",
					"strict" : false
				},
				{
					"name" : "idexpc[3]",
					"strict" : false
				},
				{
					"name" : "idexpc[2]",
					"strict" : false
				},
				{
					"name" : "idexpc[1]",
					"strict" : false
				},
				{
					"name" : "idexpc[0]",
					"strict" : false
				},
				{
					"name" : "immed16Out[15]",
					"strict" : false
				},
				{
					"name" : "immed16Out[14]",
					"strict" : false
				},
				{
					"name" : "immed16Out[13]",
					"strict" : false
				},
				{
					"name" : "immed16Out[12]",
					"strict" : false
				},
				{
					"name" : "immed16Out[11]",
					"strict" : false
				},
				{
					"name" : "immed16Out[10]",
					"strict" : false
				},
				{
					"name" : "immed16Out[9]",
					"strict" : false
				},
				{
					"name" : "immed16Out[8]",
					"strict" : false
				},
				{
					"name" : "immed16Out[7]",
					"strict" : false
				},
				{
					"name" : "immed16Out[6]",
					"strict" : false
				},
				{
					"name" : "immed16Out[5]",
					"strict" : false
				},
				{
					"name" : "immed16Out[4]",
					"strict" : false
				},
				{
					"name" : "immed16Out[3]",
					"strict" : false
				},
				{
					"name" : "immed16Out[2]",
					"strict" : false
				},
				{
					"name" : "immed16Out[1]",
					"strict" : false
				},
				{
					"name" : "immed16Out[0]",
					"strict" : false
				},
				{
					"name" : "immed8Out[7]",
					"strict" : false
				},
				{
					"name" : "immed8Out[6]",
					"strict" : false
				},
				{
					"name" : "immed8Out[5]",
					"strict" : false
				},
				{
					"name" : "immed8Out[4]",
					"strict" : false
				},
				{
					"name" : "immed8Out[3]",
					"strict" : false
				},
				{
					"name" : "immed8Out[2]",
					"strict" : false
				},
				{
					"name" : "immed8Out[1]",
					"strict" : false
				},
				{
					"name" : "immed8Out[0]",
					"strict" : false
				},
				{
					"name" : "readRegisters[5]",
					"strict" : false
				},
				{
					"name" : "readRegisters[4]",
					"strict" : false
				},
				{
					"name" : "readRegisters[3]",
					"strict" : false
				},
				{
					"name" : "readRegisters[2]",
					"strict" : false
				},
				{
					"name" : "readRegisters[1]",
					"strict" : false
				},
				{
					"name" : "readRegisters[0]",
					"strict" : false
				},
				{
					"name" : "regOneOut[15]",
					"strict" : false
				},
				{
					"name" : "regOneOut[14]",
					"strict" : false
				},
				{
					"name" : "regOneOut[13]",
					"strict" : false
				},
				{
					"name" : "regOneOut[12]",
					"strict" : false
				},
				{
					"name" : "regOneOut[11]",
					"strict" : false
				},
				{
					"name" : "regOneOut[10]",
					"strict" : false
				},
				{
					"name" : "regOneOut[9]",
					"strict" : false
				},
				{
					"name" : "regOneOut[8]",
					"strict" : false
				},
				{
					"name" : "regOneOut[7]",
					"strict" : false
				},
				{
					"name" : "regOneOut[6]",
					"strict" : false
				},
				{
					"name" : "regOneOut[5]",
					"strict" : false
				},
				{
					"name" : "regOneOut[4]",
					"strict" : false
				},
				{
					"name" : "regOneOut[3]",
					"strict" : false
				},
				{
					"name" : "regOneOut[2]",
					"strict" : false
				},
				{
					"name" : "regOneOut[1]",
					"strict" : false
				},
				{
					"name" : "regOneOut[0]",
					"strict" : false
				},
				{
					"name" : "regTwoOut[15]",
					"strict" : false
				},
				{
					"name" : "regTwoOut[14]",
					"strict" : false
				},
				{
					"name" : "regTwoOut[13]",
					"strict" : false
				},
				{
					"name" : "regTwoOut[12]",
					"strict" : false
				},
				{
					"name" : "regTwoOut[11]",
					"strict" : false
				},
				{
					"name" : "regTwoOut[10]",
					"strict" : false
				},
				{
					"name" : "regTwoOut[9]",
					"strict" : false
				},
				{
					"name" : "regTwoOut[8]",
					"strict" : false
				},
				{
					"name" : "regTwoOut[7]",
					"strict" : false
				},
				{
					"name" : "regTwoOut[6]",
					"strict" : false
				},
				{
					"name" : "regTwoOut[5]",
					"strict" : false
				},
				{
					"name" : "regTwoOut[4]",
					"strict" : false
				},
				{
					"name" : "regTwoOut[3]",
					"strict" : false
				},
				{
					"name" : "regTwoOut[2]",
					"strict" : false
				},
				{
					"name" : "regTwoOut[1]",
					"strict" : false
				},
				{
					"name" : "regTwoOut[0]",
					"strict" : false
				},
				{
					"name" : "resultOne[2]",
					"strict" : false
				},
				{
					"name" : "resultOne[1]",
					"strict" : false
				},
				{
					"name" : "resultOne[0]",
					"strict" : false
				},
				{
					"name" : "resultTwo[2]",
					"strict" : false
				},
				{
					"name" : "resultTwo[1]",
					"strict" : false
				},
				{
					"name" : "resultTwo[0]",
					"strict" : false
				},
				{
					"name" : "shiftImmOut[15]",
					"strict" : false
				},
				{
					"name" : "shiftImmOut[14]",
					"strict" : false
				},
				{
					"name" : "shiftImmOut[13]",
					"strict" : false
				},
				{
					"name" : "shiftImmOut[12]",
					"strict" : false
				},
				{
					"name" : "shiftImmOut[11]",
					"strict" : false
				},
				{
					"name" : "shiftImmOut[10]",
					"strict" : false
				},
				{
					"name" : "shiftImmOut[9]",
					"strict" : false
				},
				{
					"name" : "shiftImmOut[8]",
					"strict" : false
				},
				{
					"name" : "shiftImmOut[7]",
					"strict" : false
				},
				{
					"name" : "shiftImmOut[6]",
					"strict" : false
				},
				{
					"name" : "shiftImmOut[5]",
					"strict" : false
				},
				{
					"name" : "shiftImmOut[4]",
					"strict" : false
				},
				{
					"name" : "shiftImmOut[3]",
					"strict" : false
				},
				{
					"name" : "shiftImmOut[2]",
					"strict" : false
				},
				{
					"name" : "shiftImmOut[1]",
					"strict" : false
				},
				{
					"name" : "shiftImmOut[0]",
					"strict" : false
				},
				{
					"name" : "writebackOut[2]",
					"strict" : false
				},
				{
					"name" : "writebackOut[1]",
					"strict" : false
				},
				{
					"name" : "writebackOut[0]",
					"strict" : false
				},
				{
					"name" : "bsel",
					"strict" : false
				},
				{
					"name" : "Bu_register[15]",
					"strict" : false
				},
				{
					"name" : "Bu_register[14]",
					"strict" : false
				},
				{
					"name" : "Bu_register[13]",
					"strict" : false
				},
				{
					"name" : "Bu_register[12]",
					"strict" : false
				},
				{
					"name" : "Bu_register[11]",
					"strict" : false
				},
				{
					"name" : "Bu_register[10]",
					"strict" : false
				},
				{
					"name" : "Bu_register[9]",
					"strict" : false
				},
				{
					"name" : "Bu_register[8]",
					"strict" : false
				},
				{
					"name" : "Bu_register[7]",
					"strict" : false
				},
				{
					"name" : "Bu_register[6]",
					"strict" : false
				},
				{
					"name" : "Bu_register[5]",
					"strict" : false
				},
				{
					"name" : "Bu_register[4]",
					"strict" : false
				},
				{
					"name" : "Bu_register[3]",
					"strict" : false
				},
				{
					"name" : "Bu_register[2]",
					"strict" : false
				},
				{
					"name" : "Bu_register[1]",
					"strict" : false
				},
				{
					"name" : "Bu_register[0]",
					"strict" : false
				},
				{
					"name" : "instruction[8]",
					"strict" : false
				},
				{
					"name" : "instruction[11]",
					"strict" : false
				},
				{
					"name" : "regselect[0]",
					"strict" : false
				},
				{
					"name" : "instruction[7]",
					"strict" : false
				},
				{
					"name" : "instruction[10]",
					"strict" : false
				},
				{
					"name" : "instruction[6]",
					"strict" : false
				},
				{
					"name" : "instruction[9]",
					"strict" : false
				},
				{
					"name" : "instruction[5]",
					"strict" : false
				},
				{
					"name" : "regselect[1]",
					"strict" : false
				},
				{
					"name" : "instruction[4]",
					"strict" : false
				},
				{
					"name" : "instruction[3]",
					"strict" : false
				},
				{
					"name" : "pc[15]",
					"strict" : false
				},
				{
					"name" : "pc[14]",
					"strict" : false
				},
				{
					"name" : "pc[13]",
					"strict" : false
				},
				{
					"name" : "pc[12]",
					"strict" : false
				},
				{
					"name" : "pc[11]",
					"strict" : false
				},
				{
					"name" : "pc[10]",
					"strict" : false
				},
				{
					"name" : "pc[9]",
					"strict" : false
				},
				{
					"name" : "pc[8]",
					"strict" : false
				},
				{
					"name" : "pc[7]",
					"strict" : false
				},
				{
					"name" : "pc[6]",
					"strict" : false
				},
				{
					"name" : "pc[5]",
					"strict" : false
				},
				{
					"name" : "pc[4]",
					"strict" : false
				},
				{
					"name" : "pc[3]",
					"strict" : false
				},
				{
					"name" : "pc[2]",
					"strict" : false
				},
				{
					"name" : "pc[1]",
					"strict" : false
				},
				{
					"name" : "instruction[2]",
					"strict" : false
				},
				{
					"name" : "pc[0]",
					"strict" : false
				},
				{
					"name" : "instruction[1]",
					"strict" : false
				},
				{
					"name" : "clk",
					"strict" : false
				},
				{
					"name" : "instruction[0]",
					"strict" : false
				},
				{
					"name" : "Rf_WriteData[15]",
					"strict" : false
				},
				{
					"name" : "WriteReg[1]",
					"strict" : false
				},
				{
					"name" : "WriteReg[2]",
					"strict" : false
				},
				{
					"name" : "WriteEnable",
					"strict" : false
				},
				{
					"name" : "WriteReg[0]",
					"strict" : false
				},
				{
					"name" : "Rf_WriteData[14]",
					"strict" : false
				},
				{
					"name" : "Rf_WriteData[13]",
					"strict" : false
				},
				{
					"name" : "Rf_WriteData[12]",
					"strict" : false
				},
				{
					"name" : "Rf_WriteData[11]",
					"strict" : false
				},
				{
					"name" : "Rf_WriteData[10]",
					"strict" : false
				},
				{
					"name" : "Rf_WriteData[9]",
					"strict" : false
				},
				{
					"name" : "Rf_WriteData[8]",
					"strict" : false
				},
				{
					"name" : "Rf_WriteData[7]",
					"strict" : false
				},
				{
					"name" : "Rf_WriteData[6]",
					"strict" : false
				},
				{
					"name" : "Rf_WriteData[5]",
					"strict" : false
				},
				{
					"name" : "Rf_WriteData[4]",
					"strict" : false
				},
				{
					"name" : "Rf_WriteData[3]",
					"strict" : false
				},
				{
					"name" : "Rf_WriteData[2]",
					"strict" : false
				},
				{
					"name" : "Rf_WriteData[1]",
					"strict" : false
				},
				{
					"name" : "Rf_WriteData[0]",
					"strict" : false
				}
			]
		}
	]
}