{
	"partitions" : [
		{
			"name" : "Top",
			"pins" : [
				{
					"name" : "overflow",
					"strict" : false
				},
				{
					"name" : "c[0]",
					"strict" : false
				},
				{
					"name" : "c[1]",
					"strict" : false
				},
				{
					"name" : "c[2]",
					"strict" : false
				},
				{
					"name" : "c[3]",
					"strict" : false
				},
				{
					"name" : "c[4]",
					"strict" : false
				},
				{
					"name" : "c[5]",
					"strict" : false
				},
				{
					"name" : "c[6]",
					"strict" : false
				},
				{
					"name" : "c[7]",
					"strict" : false
				},
				{
					"name" : "c[8]",
					"strict" : false
				},
				{
					"name" : "c[9]",
					"strict" : false
				},
				{
					"name" : "c[10]",
					"strict" : false
				},
				{
					"name" : "c[11]",
					"strict" : false
				},
				{
					"name" : "c[12]",
					"strict" : false
				},
				{
					"name" : "c[13]",
					"strict" : false
				},
				{
					"name" : "c[14]",
					"strict" : false
				},
				{
					"name" : "c[15]",
					"strict" : false
				},
				{
					"name" : "func[1]",
					"strict" : false
				},
				{
					"name" : "func[3]",
					"strict" : false
				},
				{
					"name" : "func[0]",
					"strict" : false
				},
				{
					"name" : "func[2]",
					"strict" : false
				},
				{
					"name" : "b[0]",
					"strict" : false
				},
				{
					"name" : "a[0]",
					"strict" : false
				},
				{
					"name" : "b[15]",
					"strict" : false
				},
				{
					"name" : "a[15]",
					"strict" : false
				},
				{
					"name" : "b[7]",
					"strict" : false
				},
				{
					"name" : "a[7]",
					"strict" : false
				},
				{
					"name" : "b[6]",
					"strict" : false
				},
				{
					"name" : "a[6]",
					"strict" : false
				},
				{
					"name" : "b[5]",
					"strict" : false
				},
				{
					"name" : "a[5]",
					"strict" : false
				},
				{
					"name" : "b[4]",
					"strict" : false
				},
				{
					"name" : "a[4]",
					"strict" : false
				},
				{
					"name" : "b[1]",
					"strict" : false
				},
				{
					"name" : "a[1]",
					"strict" : false
				},
				{
					"name" : "b[3]",
					"strict" : false
				},
				{
					"name" : "a[3]",
					"strict" : false
				},
				{
					"name" : "b[2]",
					"strict" : false
				},
				{
					"name" : "a[2]",
					"strict" : false
				},
				{
					"name" : "b[9]",
					"strict" : false
				},
				{
					"name" : "a[9]",
					"strict" : false
				},
				{
					"name" : "b[14]",
					"strict" : false
				},
				{
					"name" : "a[14]",
					"strict" : false
				},
				{
					"name" : "b[13]",
					"strict" : false
				},
				{
					"name" : "a[13]",
					"strict" : false
				},
				{
					"name" : "b[12]",
					"strict" : false
				},
				{
					"name" : "a[12]",
					"strict" : false
				},
				{
					"name" : "b[11]",
					"strict" : false
				},
				{
					"name" : "a[11]",
					"strict" : false
				},
				{
					"name" : "b[10]",
					"strict" : false
				},
				{
					"name" : "a[10]",
					"strict" : false
				},
				{
					"name" : "b[8]",
					"strict" : false
				},
				{
					"name" : "a[8]",
					"strict" : false
				}
			]
		}
	]
}